key,timestamp,temperature,humidity
H5074_office,2025-01-02 17:47:14,29.5,39.38
H5074_office,2025-01-02 18:06:58,29.43,40.2
H5074_office,2025-01-02 18:07:14,29.45,39.87
H5074_office,2025-01-02 18:07:32,29.43,39.83
H5074_office,2025-01-02 18:07:48,29.46,40.55
H5074_office,2025-01-02 18:08:04,29.5,40.76
H5074_office,2025-01-02 18:08:20,29.43,40.92
H5074_office,2025-01-02 18:08:40,29.47,41.85
H5074_office,2025-01-02 18:08:56,29.46,42.31
H5074_office,2025-01-02 18:09:12,29.45,42.03
H5074_office,2025-01-02 18:09:28,29.44,41.49
H5074_office,2025-01-02 18:09:44,29.43,40.98
H5074_office,2025-01-02 18:10:01,29.49,40.85
H5074_office,2025-01-02 18:10:17,29.44,40.64
H5074_office,2025-01-02 18:10:33,29.46,40.62
H5074_office,2025-01-02 18:10:49,29.44,40.69
H5074_office,2025-01-02 18:11:05,29.46,41.29
H5074_office,2025-01-02 18:11:23,29.43,40.63
H5074_office,2025-01-02 18:11:39,29.45,41.32
H5074_office,2025-01-02 18:11:55,29.44,41.92
H5074_office,2025-01-02 18:12:11,29.45,43.02
H5074_office,2025-01-02 18:12:27,29.41,43.6
H5074_office,2025-01-02 18:12:43,29.45,43.36
H5074_office,2025-01-02 18:13:01,29.41,42.66
H5074_office,2025-01-02 18:13:18,29.42,42.43
H5074_office,2025-01-02 18:13:34,29.41,41.61
H5074_office,2025-01-02 18:13:50,29.44,41.34
H5074_office,2025-01-02 18:14:08,29.45,41.24
H5074_office,2025-01-02 18:14:24,29.44,40.77
H5074_office,2025-01-02 18:14:40,29.41,40.45
H5074_office,2025-01-02 18:14:56,29.41,40.53
H5074_office,2025-01-02 18:15:12,29.45,40.5
H5074_office,2025-01-02 18:15:28,29.41,40.52
H5074_office,2025-01-02 18:15:46,29.41,40.78
H5074_office,2025-01-02 18:16:02,29.43,40.9
H5074_office,2025-01-02 18:16:18,29.42,40.74
H5074_office,2025-01-02 18:16:35,29.44,41.93
H5074_office,2025-01-02 18:16:55,29.41,42.53
H5074_office,2025-01-02 18:17:15,29.4,42.22
H5074_office,2025-01-02 18:17:31,29.43,41.81
H5074_office,2025-01-02 18:17:47,29.41,41.38
H5074_office,2025-01-02 18:18:03,29.4,40.72
H5074_office,2025-01-02 18:18:19,29.41,40.37
H5074_office,2025-01-02 18:18:35,29.39,40.17
H5074_office,2025-01-02 18:18:51,29.45,39.96
H5074_office,2025-01-02 18:19:15,29.38,39.75
H5074_office,2025-01-02 18:19:31,29.39,39.72
H5074_office,2025-01-02 18:19:48,29.39,39.51
H5074_office,2025-01-02 18:20:04,29.38,39.71
H5074_office,2025-01-02 18:20:22,29.36,39.7
H5074_office,2025-01-02 18:20:38,29.38,39.77
H5074_office,2025-01-02 18:20:54,29.36,39.43
H5074_office,2025-01-02 18:21:10,29.37,39.22
H5074_office,2025-01-02 18:21:26,29.37,39.15
H5074_office,2025-01-02 18:21:42,29.38,39.34
H5074_office,2025-01-02 18:21:58,29.38,39.55
H5074_office,2025-01-02 18:22:14,29.36,39.51
H5074_office,2025-01-02 18:22:30,29.38,39.47
H5074_office,2025-01-02 18:22:46,29.37,39.04
H5074_office,2025-01-02 18:23:07,29.36,39.55
H5074_office,2025-01-02 18:23:25,29.37,39.23
H5074_office,2025-01-02 18:23:41,29.36,39.49
H5074_office,2025-01-02 18:23:57,29.36,39.54
H5074_office,2025-01-02 18:24:13,29.33,39.7
H5074_office,2025-01-02 18:24:29,29.36,39.32
H5074_office,2025-01-02 18:24:45,29.33,38.98
H5074_office,2025-01-02 18:25:01,29.34,39.37
H5074_office,2025-01-02 18:25:17,29.33,39.24
H5074_office,2025-01-02 18:25:35,29.34,38.79
H5074_office,2025-01-02 18:25:51,29.33,39.05
H5074_office,2025-01-02 18:26:07,29.31,38.98
H5074_office,2025-01-02 18:26:24,29.31,38.81
H5074_office,2025-01-02 18:26:40,29.32,39.33
H5074_office,2025-01-02 18:26:58,29.29,39.5
H5074_office,2025-01-02 18:27:14,29.28,39.37
H5074_office,2025-01-02 18:27:30,29.3,39.52
H5074_office,2025-01-02 18:27:46,29.29,39.75
H5074_office,2025-01-02 18:28:02,29.29,39.69
H5074_office,2025-01-02 18:28:18,29.32,39.74
H5074_office,2025-01-02 18:28:34,29.29,39.71
H5074_office,2025-01-02 18:28:50,29.26,39.7
H5074_office,2025-01-02 18:29:06,29.29,39.73
H5074_office,2025-01-02 18:29:22,29.28,39.72
H5074_office,2025-01-02 18:29:39,29.28,39.45
H5074_office,2025-01-02 18:29:57,29.29,39.42
H5074_office,2025-01-02 18:30:13,29.27,39.59
H5074_office,2025-01-02 18:30:29,29.29,39.45
H5074_office,2025-01-02 18:30:45,29.29,39.42
H5074_office,2025-01-02 18:31:01,29.3,39.47
H5074_office,2025-01-02 18:31:17,29.3,39.44
H5074_office,2025-01-02 18:31:33,29.27,39.54
H5074_office,2025-01-02 18:31:49,29.31,39.57
H5074_office,2025-01-02 18:32:05,29.28,39.61
H5074_office,2025-01-02 18:32:21,29.29,39.56
H5074_office,2025-01-02 18:32:37,29.31,39.64
H5074_office,2025-01-02 18:32:53,29.31,39.83
H5074_office,2025-01-02 18:33:12,29.31,39.71
H5074_office,2025-01-02 18:33:28,29.29,39.67
H5074_office,2025-01-02 18:33:44,29.28,39.69
H5074_office,2025-01-02 18:34:00,29.29,39.75
H5074_office,2025-01-02 18:34:18,29.28,39.82
H5074_office,2025-01-02 18:34:34,29.29,40.04
H5074_office,2025-01-02 18:34:50,29.29,40.08
H5074_office,2025-01-02 18:35:08,29.33,40.27
H5074_office,2025-01-02 18:35:24,29.28,40.11
H5074_office,2025-01-02 18:35:40,29.31,40.13
H5074_office,2025-01-02 18:35:56,29.31,40.22
H5074_office,2025-01-02 18:36:13,29.3,40.35
H5074_office,2025-01-02 18:36:31,29.26,40.44
H5074_office,2025-01-02 18:36:47,29.3,40.49
H5074_office,2025-01-02 18:37:03,29.3,40.64
H5074_office,2025-01-02 18:37:21,29.27,40.72
H5074_office,2025-01-02 18:37:37,29.29,40.76
H5074_office,2025-01-02 18:37:57,29.33,40.78
H5074_office,2025-01-02 18:38:13,29.3,40.8
H5074_office,2025-01-02 18:38:29,29.31,40.96
H5074_office,2025-01-02 18:38:45,29.31,40.89
H5074_office,2025-01-02 18:39:01,29.31,40.88
H5074_office,2025-01-02 18:39:17,29.31,40.9
H5074_office,2025-01-02 18:39:34,29.29,41.01
H5074_office,2025-01-02 18:39:50,29.33,40.98
H5074_office,2025-01-02 18:40:06,29.31,41.08
H5074_office,2025-01-02 18:40:22,29.33,41.25
H5074_office,2025-01-02 18:40:38,29.3,41.37
H5074_office,2025-01-02 18:40:54,29.31,41.37
H5074_office,2025-01-02 18:41:10,29.32,41.37
H5074_office,2025-01-02 18:41:26,29.31,41.43
H5074_office,2025-01-02 18:41:44,29.34,41.46
H5074_office,2025-01-02 18:42:00,29.3,41.51
H5074_office,2025-01-02 18:42:16,29.34,41.63
H5074_office,2025-01-02 18:42:32,29.33,41.64
H5074_office,2025-01-02 18:42:50,29.33,41.7
H5074_office,2025-01-02 18:43:09,29.33,41.77
H5074_office,2025-01-02 18:43:25,29.32,41.82
H5074_office,2025-01-02 18:43:43,29.33,41.92
H5074_office,2025-01-02 18:43:59,29.3,41.78
H5074_office,2025-01-02 18:44:15,29.33,41.78
H5074_office,2025-01-02 18:44:33,29.34,41.77
H5074_office,2025-01-02 18:44:49,29.33,41.87
H5074_office,2025-01-02 18:45:05,29.32,41.75
H5074_office,2025-01-02 18:45:21,29.33,41.76
H5074_office,2025-01-02 18:45:39,29.33,41.84
H5074_office,2025-01-02 18:45:57,29.31,41.89
H5074_office,2025-01-02 18:46:14,29.32,41.96
H5074_office,2025-01-02 18:46:30,29.34,41.96
H5074_office,2025-01-02 18:46:46,29.32,41.95
H5074_office,2025-01-02 18:47:04,29.32,42.0
H5074_office,2025-01-02 18:47:22,29.3,42.03
H5074_office,2025-01-02 18:47:38,29.31,42.04
H5074_office,2025-01-02 18:47:54,29.33,42.01
H5074_office,2025-01-02 18:48:10,29.35,42.06
H5074_office,2025-01-02 18:48:26,29.35,42.08
H5074_office,2025-01-02 18:48:42,29.34,42.05
H5074_office,2025-01-02 18:48:58,29.34,41.83
H5074_office,2025-01-02 18:49:14,29.33,41.71
H5074_office,2025-01-02 18:49:31,29.33,41.87
H5074_office,2025-01-02 18:49:49,29.32,42.03
H5074_office,2025-01-02 18:50:07,29.32,42.5
H5074_office,2025-01-02 18:50:23,29.34,42.66
H5074_office,2025-01-02 18:50:39,29.31,42.44
H5074_office,2025-01-02 18:50:57,29.31,42.37
H5074_office,2025-01-02 18:51:13,29.32,42.23
H5074_office,2025-01-02 18:51:33,29.3,42.74
H5074_office,2025-01-02 18:51:49,29.31,42.88
H5074_office,2025-01-02 18:52:05,29.3,42.81
H5074_office,2025-01-02 18:52:21,29.29,42.87
H5074_office,2025-01-02 18:52:37,29.32,42.91
H5074_office,2025-01-02 18:52:56,29.29,43.07
H5074_office,2025-01-02 18:53:12,29.33,43.11
H5074_office,2025-01-02 18:53:28,29.31,43.2
H5074_office,2025-01-02 18:53:44,29.3,43.48
H5074_office,2025-01-02 18:54:02,29.32,43.69
H5074_office,2025-01-02 18:54:18,29.3,43.84
H5074_office,2025-01-02 18:54:36,29.29,43.91
H5074_office,2025-01-02 18:54:52,29.3,44.17
H5074_office,2025-01-02 18:55:08,29.31,44.23
H5074_office,2025-01-02 18:55:24,29.31,44.47
H5074_office,2025-01-02 18:55:40,29.26,44.37
H5074_office,2025-01-02 18:55:59,29.32,44.51
H5074_office,2025-01-02 18:56:19,29.27,44.9
H5074_office,2025-01-02 18:56:35,29.28,45.06
H5074_office,2025-01-02 18:56:51,29.26,45.18
H5074_office,2025-01-02 18:57:09,29.29,45.34
H5074_office,2025-01-02 18:57:25,29.23,45.3
H5074_office,2025-01-02 18:57:41,29.27,45.37
H5074_office,2025-01-02 18:57:57,29.29,45.5
H5074_office,2025-01-02 18:58:13,29.23,45.65
H5074_office,2025-01-02 18:58:29,29.27,45.68
H5074_office,2025-01-02 18:58:47,29.25,45.78
H5074_office,2025-01-02 18:59:03,29.31,45.82
H5074_office,2025-01-02 18:59:20,29.26,45.97
H5074_office,2025-01-02 18:59:36,29.23,45.95
H5074_office,2025-01-02 18:59:54,29.26,46.24
H5074_office,2025-01-02 19:00:10,29.23,46.31
H5074_office,2025-01-02 19:00:26,29.24,46.24
H5074_office,2025-01-02 19:00:44,29.24,46.32
H5074_office,2025-01-02 19:01:00,29.28,46.34
H5074_office,2025-01-02 19:01:16,29.25,46.44
H5074_office,2025-01-02 19:01:32,29.25,46.58
H5074_office,2025-01-02 19:01:48,29.22,46.67
H5074_office,2025-01-02 19:02:04,29.21,46.62
H5074_office,2025-01-02 19:02:20,29.2,46.77
H5074_office,2025-01-02 19:02:39,29.23,46.93
H5074_office,2025-01-02 19:02:55,29.26,46.91
H5074_office,2025-01-02 19:03:11,29.22,46.91
H5074_office,2025-01-02 19:03:27,29.23,46.97
H5074_office,2025-01-02 19:03:43,29.22,47.1
H5074_office,2025-01-02 19:03:59,29.22,47.12
H5074_office,2025-01-02 19:04:15,29.2,47.32
H5074_office,2025-01-02 19:04:31,29.21,47.35
H5074_office,2025-01-02 19:04:47,29.2,47.46
H5074_office,2025-01-02 19:05:03,29.23,47.49
H5074_office,2025-01-02 19:05:19,29.21,47.4
H5074_office,2025-01-02 19:05:37,29.19,47.42
H5074_office,2025-01-02 19:05:56,29.22,47.62
H5074_office,2025-01-02 19:06:12,29.2,47.89
H5074_office,2025-01-02 19:06:28,29.19,47.96
H5074_office,2025-01-02 19:06:46,29.16,47.95
H5074_office,2025-01-02 19:07:02,29.18,48.11
H5074_office,2025-01-02 19:07:18,29.16,48.21
H5074_office,2025-01-02 19:07:34,29.19,48.35
H5074_office,2025-01-02 19:07:50,29.18,48.39
H5074_office,2025-01-02 19:08:06,29.16,48.48
H5074_office,2025-01-02 19:08:24,29.16,48.52
H5074_office,2025-01-02 19:08:40,29.2,48.63
H5074_office,2025-01-02 19:08:56,29.18,48.68
H5074_office,2025-01-02 19:09:13,29.16,48.76
H5074_office,2025-01-02 19:09:29,29.16,48.64
H5074_office,2025-01-02 19:09:47,29.18,48.79
H5074_office,2025-01-02 19:10:03,29.17,48.78
H5074_office,2025-01-02 19:10:19,29.16,48.82
H5074_office,2025-01-02 19:10:35,29.16,48.86
H5074_office,2025-01-02 19:10:51,29.15,48.87
H5074_office,2025-01-02 19:11:07,29.12,48.94
H5074_office,2025-01-02 19:11:23,29.17,49.0
H5074_office,2025-01-02 19:11:39,29.15,49.08
H5074_office,2025-01-02 19:11:55,29.14,49.1
H5074_office,2025-01-02 19:12:11,29.13,49.23
H5074_office,2025-01-02 19:12:28,29.14,49.29
H5074_office,2025-01-02 19:12:44,29.13,49.35
H5074_office,2025-01-02 19:13:00,29.13,49.4
H5074_office,2025-01-02 19:13:16,29.1,49.41
H5074_office,2025-01-02 19:13:32,29.1,49.52
H5074_office,2025-01-02 19:13:50,29.1,49.62
H5074_office,2025-01-02 19:14:06,29.12,49.63
H5074_office,2025-01-02 19:14:22,29.1,49.69
H5074_office,2025-01-02 19:14:38,29.08,49.73
H5074_office,2025-01-02 19:14:54,29.11,49.74
H5074_office,2025-01-02 19:15:10,29.08,49.81
H5074_office,2025-01-02 19:15:28,29.1,49.75
H5074_office,2025-01-02 19:15:45,29.08,49.7
H5074_office,2025-01-02 19:16:01,29.11,49.81
H5074_office,2025-01-02 19:16:17,29.07,49.85
H5074_office,2025-01-02 19:16:33,29.08,49.85
H5074_office,2025-01-02 19:16:49,29.08,49.9
H5074_office,2025-01-02 19:17:07,29.09,49.92
H5074_office,2025-01-02 19:17:23,29.06,49.98
H5074_office,2025-01-02 19:17:39,29.09,49.95
H5074_office,2025-01-02 19:17:55,29.05,49.91
H5074_office,2025-01-02 19:18:11,29.07,49.83
H5074_office,2025-01-02 19:18:27,29.08,49.9
H5074_office,2025-01-02 19:18:45,29.05,49.92
H5074_office,2025-01-02 19:19:02,29.05,49.94
H5074_office,2025-01-02 19:19:18,29.05,49.98
H5074_office,2025-01-02 19:19:36,29.04,50.06
H5074_office,2025-01-02 19:19:54,29.07,50.07
H5074_office,2025-01-02 19:20:10,29.03,50.07
H5074_office,2025-01-02 19:20:28,29.08,50.05
H5074_office,2025-01-02 19:20:44,29.07,50.1
H5074_office,2025-01-02 19:21:00,29.03,50.15
H5074_office,2025-01-02 19:21:16,29.06,50.36
H5074_office,2025-01-02 19:21:32,29.05,50.4
H5074_office,2025-01-02 19:21:48,29.02,50.4
H5074_office,2025-01-02 19:22:04,29.05,50.42
H5074_office,2025-01-02 19:22:21,29.03,50.36
H5074_office,2025-01-02 19:22:39,29.05,50.44
H5074_office,2025-01-02 19:22:55,29.02,50.5
H5074_office,2025-01-02 19:23:11,29.01,50.52
H5074_office,2025-01-02 19:23:27,29.03,50.5
H5074_office,2025-01-02 19:23:49,29.0,50.51
H5074_office,2025-01-02 19:24:05,29.02,50.52
H5074_office,2025-01-02 19:24:21,29.03,50.54
H5074_office,2025-01-02 19:24:37,28.97,50.63
H5074_office,2025-01-02 19:24:53,29.0,50.64
H5074_office,2025-01-02 19:25:11,28.98,50.61
H5074_office,2025-01-02 19:25:28,28.98,50.68
H5074_office,2025-01-02 19:25:44,28.99,50.77
H5074_office,2025-01-02 19:26:02,28.98,50.89
H5074_office,2025-01-02 19:26:18,28.97,50.99
H5074_office,2025-01-02 19:26:34,28.97,51.06
H5074_office,2025-01-02 19:26:50,28.96,51.18
H5074_office,2025-01-02 19:27:06,28.95,51.26
H5074_office,2025-01-02 19:27:22,28.94,51.24
H5074_office,2025-01-02 19:27:38,28.97,51.33
H5074_office,2025-01-02 19:27:54,28.94,51.33
H5074_office,2025-01-02 19:28:10,28.95,51.48
H5074_office,2025-01-02 19:28:28,28.92,51.44
H5074_office,2025-01-02 19:28:47,28.92,51.6
H5074_office,2025-01-02 19:29:03,28.91,51.62
H5074_office,2025-01-02 19:29:19,28.95,51.64
H5074_office,2025-01-02 19:29:35,28.9,51.67
H5074_office,2025-01-02 19:29:51,28.94,51.75
H5074_office,2025-01-02 19:30:07,28.91,51.84
H5074_office,2025-01-02 19:30:23,28.9,51.95
H5074_office,2025-01-02 19:30:39,28.91,52.06
H5074_office,2025-01-02 19:30:55,28.91,52.08
H5074_office,2025-01-02 19:31:15,28.91,52.17
H5074_office,2025-01-02 19:31:35,28.91,52.24
H5074_office,2025-01-02 19:31:53,28.9,52.26
H5074_office,2025-01-02 19:32:10,28.89,52.21
H5074_office,2025-01-02 19:32:26,28.9,52.17
H5074_office,2025-01-02 19:32:42,28.89,52.25
H5074_office,2025-01-02 19:33:00,28.91,52.26
H5074_office,2025-01-02 19:33:16,28.89,52.31
H5074_office,2025-01-02 19:33:32,28.89,52.42
H5074_office,2025-01-02 19:33:48,28.88,52.52
H5074_office,2025-01-02 19:34:04,28.89,52.52
H5074_office,2025-01-02 19:34:20,28.87,52.56
H5074_office,2025-01-02 19:34:36,28.88,52.67
H5074_office,2025-01-02 19:34:52,28.86,52.72
H5074_office,2025-01-02 19:35:08,28.86,52.72
H5074_office,2025-01-02 19:35:25,28.85,52.84
H5074_office,2025-01-02 19:35:45,28.87,52.83
H5074_office,2025-01-02 19:36:03,28.86,52.77
H5074_office,2025-01-02 19:36:21,28.86,52.7
H5074_office,2025-01-02 19:36:37,28.87,52.73
H5074_office,2025-01-02 19:36:53,28.86,52.83
H5074_office,2025-01-02 19:37:11,28.87,52.88
H5074_office,2025-01-02 19:37:29,28.87,52.87
H5074_office,2025-01-02 19:37:45,28.84,52.77
H5074_office,2025-01-02 19:38:01,28.83,52.8
H5074_office,2025-01-02 19:38:17,28.86,52.88
H5074_office,2025-01-02 19:38:33,28.82,52.93
H5074_office,2025-01-02 19:38:50,28.82,53.07
H5074_office,2025-01-02 19:39:06,28.83,53.07
H5074_office,2025-01-02 19:39:22,28.8,53.12
H5074_office,2025-01-02 19:39:38,28.83,53.05
H5074_office,2025-01-02 19:39:54,28.79,53.05
H5074_office,2025-01-02 19:40:10,28.79,53.2
H5074_office,2025-01-02 19:40:26,28.76,53.15
H5074_office,2025-01-02 19:40:44,28.76,53.16
H5074_office,2025-01-02 19:41:02,28.78,53.15
H5074_office,2025-01-02 19:41:18,28.75,53.11
H5074_office,2025-01-02 19:41:34,28.77,53.09
H5074_office,2025-01-02 19:41:52,28.77,53.08
H5074_office,2025-01-02 19:42:11,28.75,53.14
H5074_office,2025-01-02 19:42:27,28.74,53.19
H5074_office,2025-01-02 19:42:47,28.74,53.19
H5074_office,2025-01-02 19:43:07,28.71,53.25
H5074_office,2025-01-02 19:43:25,28.7,53.39
H5074_office,2025-01-02 19:43:45,28.73,53.39
H5074_office,2025-01-02 19:44:01,28.68,53.5
H5074_office,2025-01-02 19:44:17,28.68,53.5
H5074_office,2025-01-02 19:44:33,28.68,53.71
H5074_office,2025-01-02 19:44:51,28.65,53.66
H5074_office,2025-01-02 19:45:07,28.67,53.67
H5074_office,2025-01-02 19:45:24,28.7,53.67
H5074_office,2025-01-02 19:45:40,28.71,53.82
H5074_office,2025-01-02 19:45:56,28.73,53.87
H5074_office,2025-01-02 19:46:14,28.69,53.85
H5074_office,2025-01-02 19:46:30,28.64,53.79
H5074_office,2025-01-02 19:46:46,28.67,53.75
H5074_office,2025-01-02 19:47:02,28.7,53.93
H5074_office,2025-01-02 19:47:18,28.7,53.76
H5074_office,2025-01-02 19:47:34,28.67,53.64
H5074_office,2025-01-02 19:47:52,28.67,53.64
H5074_office,2025-01-02 19:48:08,28.66,53.68
H5074_office,2025-01-02 19:48:24,28.68,53.67
H5074_office,2025-01-02 19:48:41,28.67,53.67
H5074_office,2025-01-02 19:49:01,28.66,53.71
H5074_office,2025-01-02 19:49:17,28.69,53.67
H5074_office,2025-01-02 19:49:33,28.63,53.68
H5074_office,2025-01-02 19:49:49,28.64,53.65
H5074_office,2025-01-02 19:50:05,28.66,53.63
H5074_office,2025-01-02 19:50:21,28.63,53.58
H5074_office,2025-01-02 19:50:37,28.64,53.57
H5074_office,2025-01-02 19:50:53,28.64,53.61
H5074_office,2025-01-02 19:51:09,28.64,53.58
H5074_office,2025-01-02 19:51:25,28.64,53.55
H5074_office,2025-01-02 19:51:43,28.65,53.56
H5074_office,2025-01-02 19:52:00,28.63,53.55
H5074_office,2025-01-02 19:52:18,28.63,53.56
H5074_office,2025-01-02 19:52:36,28.62,53.63
H5074_office,2025-01-02 19:52:52,28.63,53.61
H5074_office,2025-01-02 19:53:08,28.63,53.64
H5074_office,2025-01-02 19:53:24,28.61,53.66
H5074_office,2025-01-02 19:53:40,28.61,53.64
H5074_office,2025-01-02 19:53:56,28.63,53.71
H5074_office,2025-01-02 19:54:12,28.59,53.78
H5074_office,2025-01-02 19:54:28,28.59,53.8
H5074_office,2025-01-02 19:54:44,28.58,53.79
H5074_office,2025-01-02 19:55:00,28.57,53.78
H5074_office,2025-01-02 19:55:17,28.59,53.8
H5074_office,2025-01-02 19:55:35,28.59,53.85
H5074_office,2025-01-02 19:55:51,28.55,53.84
H5074_office,2025-01-02 19:56:07,28.57,53.84
H5074_office,2025-01-02 19:56:23,28.55,53.76
H5074_office,2025-01-02 19:56:41,28.56,53.79
H5074_office,2025-01-02 19:56:57,28.54,53.76
H5074_office,2025-01-02 19:57:13,28.55,53.84
H5074_office,2025-01-02 19:57:29,28.52,53.84
H5074_office,2025-01-02 19:57:45,28.51,53.72
H5074_office,2025-01-02 19:58:01,28.53,53.76
H5074_office,2025-01-02 19:58:19,28.54,53.78
H5074_office,2025-01-02 19:58:36,28.5,53.77
H5074_office,2025-01-02 19:58:52,28.48,53.73
H5074_office,2025-01-02 19:59:08,28.51,53.77
H5074_office,2025-01-02 19:59:26,28.47,53.81
H5074_office,2025-01-02 19:59:44,28.47,53.86
H5074_office,2025-01-02 20:00:00,28.49,53.91
H5074_office,2025-01-02 20:00:16,28.47,53.9
H5074_office,2025-01-02 20:00:32,28.47,53.89
H5074_office,2025-01-02 20:00:48,28.49,53.89
H5074_office,2025-01-02 20:01:04,28.47,53.88
H5074_office,2025-01-02 20:01:20,28.45,53.88
H5074_office,2025-01-02 20:01:37,28.43,53.94
H5074_office,2025-01-02 20:01:53,28.45,53.92
H5074_office,2025-01-02 20:02:11,28.43,53.95
H5074_office,2025-01-02 20:02:27,28.45,53.97
H5074_office,2025-01-02 20:02:45,28.42,53.99
H5074_office,2025-01-02 20:03:01,28.42,54.0
H5074_office,2025-01-02 20:03:19,28.45,54.02
H5074_office,2025-01-02 20:03:35,28.45,54.03
H5074_office,2025-01-02 20:03:53,28.42,54.04
H5074_office,2025-01-02 20:04:11,28.46,54.05
H5074_office,2025-01-02 20:04:27,28.46,54.03
H5074_office,2025-01-02 20:04:43,28.43,54.02
H5074_office,2025-01-02 20:05:00,28.44,54.08
H5074_office,2025-01-02 20:05:18,28.42,54.05
H5074_office,2025-01-02 20:05:34,28.42,54.02
H5074_office,2025-01-02 20:05:50,28.42,54.11
H5074_office,2025-01-02 20:06:06,28.43,54.12
H5074_office,2025-01-02 20:06:24,28.42,54.11
H5074_office,2025-01-02 20:06:40,28.41,54.13
H5074_office,2025-01-02 20:06:56,28.43,54.12
H5074_office,2025-01-02 20:07:12,28.41,54.17
H5074_office,2025-01-02 20:07:28,28.42,54.22
H5074_office,2025-01-02 20:07:44,28.41,54.25
H5074_office,2025-01-02 20:08:02,28.43,54.28
H5074_office,2025-01-02 20:08:19,28.41,54.22
H5074_office,2025-01-02 20:08:35,28.42,54.27
H5074_office,2025-01-02 20:08:51,28.42,54.33
H5074_office,2025-01-02 20:09:09,28.41,54.4
H5074_office,2025-01-02 20:09:25,28.4,54.42
H5074_office,2025-01-02 20:09:41,28.42,54.48
H5074_office,2025-01-02 20:09:57,28.4,54.55
H5074_office,2025-01-02 20:10:15,28.43,54.6
H5074_office,2025-01-02 20:10:31,28.41,54.62
H5074_office,2025-01-02 20:10:47,28.4,54.63
H5074_office,2025-01-02 20:11:03,28.4,54.64
H5074_office,2025-01-02 20:11:19,28.38,54.64
H5074_office,2025-01-02 20:11:36,28.4,54.68
H5074_office,2025-01-02 20:11:54,28.39,54.69
H5074_office,2025-01-02 20:12:10,28.4,54.73
H5074_office,2025-01-02 20:12:26,28.4,54.79
H5074_office,2025-01-02 20:12:44,28.39,54.73
H5074_office,2025-01-02 20:13:00,28.39,54.71
H5074_office,2025-01-02 20:13:16,28.37,54.74
H5074_office,2025-01-02 20:13:32,28.39,54.83
H5074_office,2025-01-02 20:13:48,28.39,54.87
H5074_office,2025-01-02 20:14:04,28.39,54.88
H5074_office,2025-01-02 20:14:20,28.38,54.88
H5074_office,2025-01-02 20:14:38,28.39,54.93
H5074_office,2025-01-02 20:14:55,28.36,55.02
H5074_office,2025-01-02 20:15:11,28.37,55.01
H5074_office,2025-01-02 20:15:27,28.36,55.03
H5074_office,2025-01-02 20:15:45,28.37,55.0
H5074_office,2025-01-02 20:16:01,28.38,54.96
H5074_office,2025-01-02 20:16:17,28.35,54.96
H5074_office,2025-01-02 20:16:33,28.36,54.94
H5074_office,2025-01-02 20:16:49,28.38,55.0
H5074_office,2025-01-02 20:17:05,28.35,55.02
H5074_office,2025-01-02 20:17:25,28.34,55.02
H5074_office,2025-01-02 20:17:45,28.36,54.98
H5074_office,2025-01-02 20:18:01,28.33,54.99
H5074_office,2025-01-02 20:18:18,28.36,55.04
H5074_office,2025-01-02 20:18:34,28.34,55.07
H5074_office,2025-01-02 20:18:52,28.33,55.1
H5074_office,2025-01-02 20:19:08,28.33,55.08
H5074_office,2025-01-02 20:19:24,28.31,55.13
H5074_office,2025-01-02 20:19:40,28.31,55.16
H5074_office,2025-01-02 20:19:56,28.33,55.14
H5074_office,2025-01-02 20:20:12,28.32,55.17
H5074_office,2025-01-02 20:20:28,28.33,55.14
H5074_office,2025-01-02 20:20:46,28.32,55.14
H5074_office,2025-01-02 20:21:02,28.29,55.12
H5074_office,2025-01-02 20:21:18,28.31,55.14
H5074_office,2025-01-02 20:21:37,28.32,55.09
H5074_office,2025-01-02 20:21:53,28.31,55.08
H5074_office,2025-01-02 20:22:09,28.29,55.08
H5074_office,2025-01-02 20:22:25,28.29,55.09
H5074_office,2025-01-02 20:22:41,28.29,55.1
H5074_office,2025-01-02 20:22:57,28.28,55.1
H5074_office,2025-01-02 20:23:13,28.26,55.1
H5074_office,2025-01-02 20:23:29,28.28,55.12
H5074_office,2025-01-02 20:23:45,28.28,55.12
H5074_office,2025-01-02 20:24:01,28.28,55.13
H5074_office,2025-01-02 20:24:17,28.28,55.17
H5074_office,2025-01-02 20:24:33,28.27,55.17
H5074_office,2025-01-02 20:24:50,28.24,55.17
H5074_office,2025-01-02 20:25:06,28.27,55.23
H5074_office,2025-01-02 20:25:22,28.27,55.29
H5074_office,2025-01-02 20:25:38,28.27,55.23
H5074_office,2025-01-02 20:25:54,28.22,55.29
H5074_office,2025-01-02 20:26:10,28.24,55.29
H5074_office,2025-01-02 20:26:26,28.24,55.2
H5074_office,2025-01-02 20:26:42,28.18,55.2
H5074_office,2025-01-02 20:26:58,28.23,55.28
H5074_office,2025-01-02 20:27:16,28.2,55.27
H5074_office,2025-01-02 20:27:32,28.18,55.2
H5074_office,2025-01-02 20:27:50,28.16,55.22
H5074_office,2025-01-02 20:28:07,28.19,55.21
H5074_office,2025-01-02 20:28:23,28.19,55.2
H5074_office,2025-01-02 20:28:39,28.19,55.2
H5074_office,2025-01-02 20:28:55,28.18,55.19
H5074_office,2025-01-02 20:29:11,28.17,55.14
H5074_office,2025-01-02 20:29:31,28.16,55.1
H5074_office,2025-01-02 20:29:47,28.17,55.13
H5074_office,2025-01-02 20:30:03,28.17,55.19
H5074_office,2025-01-02 20:30:19,28.16,55.17
H5074_office,2025-01-02 20:30:35,28.17,55.14
H5074_office,2025-01-02 20:30:51,28.19,55.14
H5074_office,2025-01-02 20:31:07,28.2,55.13
H5074_office,2025-01-02 20:31:24,28.16,55.14
H5074_office,2025-01-02 20:31:40,28.16,55.09
H5074_office,2025-01-02 20:31:56,28.16,55.08
H5074_office,2025-01-02 20:32:14,28.17,55.14
H5074_office,2025-01-02 20:32:30,28.17,55.1
H5074_office,2025-01-02 20:32:48,28.14,55.09
H5074_office,2025-01-02 20:33:04,28.15,55.17
H5074_office,2025-01-02 20:33:20,28.15,55.22
H5074_office,2025-01-02 20:33:36,28.13,55.28
H5074_office,2025-01-02 20:33:52,28.12,55.29
H5074_office,2025-01-02 20:34:08,28.13,55.27
H5074_office,2025-01-02 20:34:24,28.15,55.26
H5074_office,2025-01-02 20:34:41,28.16,55.23
H5074_office,2025-01-02 20:35:01,28.16,55.2
H5074_office,2025-01-02 20:35:21,28.12,55.1
H5074_office,2025-01-02 20:35:37,28.17,55.1
H5074_office,2025-01-02 20:35:53,28.15,55.07
H5074_office,2025-01-02 20:36:09,28.16,55.05
H5074_office,2025-01-02 20:36:27,28.16,55.05
H5074_office,2025-01-02 20:36:43,28.15,55.02
H5074_office,2025-01-02 20:36:59,28.13,55.02
H5074_office,2025-01-02 20:37:15,28.13,54.98
H5074_office,2025-01-02 20:37:31,28.16,55.06
H5074_office,2025-01-02 20:37:48,28.14,55.04
H5074_office,2025-01-02 20:38:06,28.14,54.97
H5074_office,2025-01-02 20:38:22,28.1,54.93
H5074_office,2025-01-02 20:38:38,28.13,54.97
H5074_office,2025-01-02 20:38:56,28.14,54.95
H5074_office,2025-01-02 20:39:12,28.13,54.96
H5074_office,2025-01-02 20:39:28,28.1,54.93
H5074_office,2025-01-02 20:39:44,28.1,54.9
H5074_office,2025-01-02 20:40:00,28.11,54.92
H5074_office,2025-01-02 20:40:16,28.13,54.89
H5074_office,2025-01-02 20:40:32,28.08,54.88
H5074_office,2025-01-02 20:40:50,28.1,54.89
H5074_office,2025-01-02 20:41:07,28.11,54.88
H5074_office,2025-01-02 20:41:25,28.09,54.84
H5074_office,2025-01-02 20:41:41,28.06,54.82
H5074_office,2025-01-02 20:41:57,28.1,54.83
H5074_office,2025-01-02 20:42:19,28.11,54.83
H5074_office,2025-01-02 20:42:35,28.1,54.81
H5074_office,2025-01-02 20:42:51,28.11,54.82
H5074_office,2025-01-02 20:43:07,28.06,54.8
H5074_office,2025-01-02 20:43:23,28.1,54.81
H5074_office,2025-01-02 20:43:39,28.07,54.84
H5074_office,2025-01-02 20:43:57,28.07,54.85
H5074_office,2025-01-02 20:44:13,28.04,54.8
H5074_office,2025-01-02 20:44:30,28.05,54.79
H5074_office,2025-01-02 20:44:46,28.05,54.82
H5074_office,2025-01-02 20:45:04,28.08,54.8
H5074_office,2025-01-02 20:45:20,28.05,54.82
H5074_office,2025-01-02 20:45:36,28.05,54.84
H5074_office,2025-01-02 20:45:54,28.01,54.8
H5074_office,2025-01-02 20:46:10,28.07,54.82
H5074_office,2025-01-02 20:46:26,28.05,54.82
H5074_office,2025-01-02 20:46:42,28.03,54.81
H5074_office,2025-01-02 20:46:58,28.04,54.83
H5074_office,2025-01-02 20:47:14,28.0,54.86
H5074_office,2025-01-02 20:47:30,28.04,54.86
H5074_office,2025-01-02 20:47:49,28.02,54.85
H5074_office,2025-01-02 20:48:05,28.01,54.88
H5074_office,2025-01-02 20:48:21,27.99,54.85
H5074_office,2025-01-02 20:48:37,27.97,54.87
H5074_office,2025-01-02 20:48:55,27.98,54.84
H5074_office,2025-01-02 20:49:11,27.99,54.83
H5074_office,2025-01-02 20:49:27,28.02,54.85
H5074_office,2025-01-02 20:49:43,27.97,54.86
H5074_office,2025-01-02 20:49:59,27.99,54.86
H5074_office,2025-01-02 20:50:15,27.99,54.86
H5074_office,2025-01-02 20:50:33,28.0,54.92
H5074_office,2025-01-02 20:50:51,27.97,54.88
H5074_office,2025-01-02 20:51:08,27.96,54.91
H5074_office,2025-01-02 20:51:24,27.93,54.91
H5074_office,2025-01-02 20:51:40,27.95,54.89
H5074_office,2025-01-02 20:51:56,27.97,54.9
H5074_office,2025-01-02 20:52:12,27.96,54.87
H5074_office,2025-01-02 20:52:28,27.96,54.87
H5074_office,2025-01-02 20:52:46,27.94,54.87
H5074_office,2025-01-02 20:53:02,27.95,54.86
H5074_office,2025-01-02 20:53:18,27.96,54.87
H5074_office,2025-01-02 20:53:34,27.97,54.82
H5074_office,2025-01-02 20:53:50,27.94,54.85
H5074_office,2025-01-02 20:54:06,27.92,54.85
H5074_office,2025-01-02 20:54:25,27.96,54.9
H5074_office,2025-01-02 20:54:41,27.92,54.91
H5074_office,2025-01-02 20:54:57,27.93,54.9
H5074_office,2025-01-02 20:55:13,27.94,54.89
H5074_office,2025-01-02 20:55:33,27.92,54.9
H5074_office,2025-01-02 20:55:49,27.93,54.93
H5074_office,2025-01-02 20:56:05,27.93,54.92
H5074_office,2025-01-02 20:56:21,27.91,54.91
H5074_office,2025-01-02 20:56:37,27.91,54.93
H5074_office,2025-01-02 20:56:53,27.91,54.92
H5074_office,2025-01-02 20:57:11,27.89,54.92
H5074_office,2025-01-02 20:57:31,27.89,54.92
H5074_office,2025-01-02 20:57:48,27.92,54.93
H5074_office,2025-01-02 20:58:04,27.92,54.97
H5074_office,2025-01-02 20:58:20,27.88,54.98
H5074_office,2025-01-02 20:58:38,27.89,54.97
H5074_office,2025-01-02 20:58:54,27.9,54.93
H5074_office,2025-01-02 20:59:12,27.86,54.95
H5074_office,2025-01-02 20:59:28,27.88,54.99
H5074_office,2025-01-02 20:59:44,27.9,55.09
H5074_office,2025-01-02 21:00:00,27.89,54.99
H5074_office,2025-01-02 21:00:16,27.89,54.93
H5074_office,2025-01-02 21:00:32,27.88,54.96
H5074_office,2025-01-02 21:00:48,27.89,54.98
H5074_office,2025-01-02 21:01:04,27.88,54.97
H5074_office,2025-01-02 21:01:23,27.89,54.98
H5074_office,2025-01-02 21:01:39,27.91,54.98
H5074_office,2025-01-02 21:01:55,27.89,55.0
H5074_office,2025-01-02 21:02:13,27.87,55.0
H5074_office,2025-01-02 21:02:29,27.87,55.0
H5074_office,2025-01-02 21:02:45,27.87,55.0
H5074_office,2025-01-02 21:03:03,27.85,54.98
H5074_office,2025-01-02 21:03:19,27.87,54.98
H5074_office,2025-01-02 21:03:35,27.84,54.98
H5074_office,2025-01-02 21:03:51,27.87,55.0
H5074_office,2025-01-02 21:04:07,27.88,55.0
H5074_office,2025-01-02 21:04:26,27.88,55.03
H5074_office,2025-01-02 21:04:44,27.88,55.03
H5074_office,2025-01-02 21:05:00,27.86,55.03
H5074_office,2025-01-02 21:05:16,27.85,55.05
H5074_office,2025-01-02 21:05:32,27.84,55.05
H5074_office,2025-01-02 21:05:48,27.84,55.05
H5074_office,2025-01-02 21:06:04,27.84,55.03
H5074_office,2025-01-02 21:06:24,27.82,55.03
H5074_office,2025-01-02 21:06:40,27.83,54.99
H5074_office,2025-01-02 21:06:56,27.84,54.99
H5074_office,2025-01-02 21:07:14,27.82,55.05
H5074_office,2025-01-02 21:07:30,27.83,55.05
H5074_office,2025-01-02 21:07:49,27.85,55.02
H5074_office,2025-01-02 21:08:05,27.85,55.07
H5074_office,2025-01-02 21:08:21,27.81,55.05
H5074_office,2025-01-02 21:08:37,27.78,55.06
H5074_office,2025-01-02 21:08:53,27.81,55.04
H5074_office,2025-01-02 21:09:09,27.83,55.09
H5074_office,2025-01-02 21:09:25,27.8,55.11
H5074_office,2025-01-02 21:09:41,27.82,55.09
H5074_office,2025-01-02 21:09:57,27.82,55.05
H5074_office,2025-01-02 21:10:13,27.8,55.07
H5074_office,2025-01-02 21:10:29,27.83,55.06
H5074_office,2025-01-02 21:10:45,27.81,55.04
H5074_office,2025-01-02 21:11:01,27.76,55.07
H5074_office,2025-01-02 21:11:18,27.78,55.21
H5074_office,2025-01-02 21:11:34,27.79,55.19
H5074_office,2025-01-02 21:11:52,27.77,55.24
H5074_office,2025-01-02 21:12:08,27.79,55.27
H5074_office,2025-01-02 21:12:26,27.74,55.31
H5074_office,2025-01-02 21:12:42,27.74,55.28
H5074_office,2025-01-02 21:12:58,27.75,55.29
H5074_office,2025-01-02 21:13:14,27.7,55.3
H5074_office,2025-01-02 21:13:30,27.73,55.31
H5074_office,2025-01-02 21:13:50,27.7,55.34
H5074_office,2025-01-02 21:14:06,27.72,55.42
H5074_office,2025-01-02 21:14:23,27.69,55.36
H5074_office,2025-01-02 21:14:39,27.68,55.37
H5074_office,2025-01-02 21:14:57,27.71,55.36
H5074_office,2025-01-02 21:15:13,27.68,55.43
H5074_office,2025-01-02 21:15:29,27.65,55.52
H5074_office,2025-01-02 21:15:45,27.66,55.61
H5074_office,2025-01-02 21:16:01,27.62,55.63
H5074_office,2025-01-02 21:16:17,27.65,55.65
H5074_office,2025-01-02 21:16:33,27.62,55.61
H5074_office,2025-01-02 21:16:49,27.62,55.66
H5074_office,2025-01-02 21:17:05,27.59,55.73
H5074_office,2025-01-02 21:17:21,27.58,55.71
H5074_office,2025-01-02 21:17:37,27.61,55.74
H5074_office,2025-01-02 21:17:54,27.54,55.78
H5074_office,2025-01-02 21:18:10,27.52,55.81
H5074_office,2025-01-02 21:18:26,27.53,55.86
H5074_office,2025-01-02 21:18:42,27.51,55.84
H5074_office,2025-01-02 21:18:58,27.51,55.92
H5074_office,2025-01-02 21:19:14,27.51,55.95
H5074_office,2025-01-02 21:19:30,27.47,55.91
H5074_office,2025-01-02 21:19:46,27.47,55.96
H5074_office,2025-01-02 21:20:02,27.48,55.95
H5074_office,2025-01-02 21:20:18,27.5,55.95
H5074_office,2025-01-02 21:20:34,27.47,55.98
H5074_office,2025-01-02 21:20:50,27.47,56.0
H5074_office,2025-01-02 21:21:07,27.44,56.09
H5074_office,2025-01-02 21:21:23,27.41,56.12
H5074_office,2025-01-02 21:21:39,27.44,56.09
H5074_office,2025-01-02 21:21:55,27.43,56.19
H5074_office,2025-01-02 21:22:11,27.38,56.17
H5074_office,2025-01-02 21:22:27,27.43,56.2
H5074_office,2025-01-02 21:22:43,27.39,56.21
H5074_office,2025-01-02 21:22:59,27.39,56.23
H5074_office,2025-01-02 21:23:15,27.39,56.3
